<?xml version="1.0" encoding="utf-8"?>
<FictionBook xmlns="http://www.gribuser.ru/xml/fictionbook/2.0" xmlns:l="http://www.w3.org/1999/xlink"><description> <title-info><genre match="">prose_contemporary</genre> <author> <first-name>Кэндес</first-name> <middle-name/> <last-name>Бушнелл</last-name> <nickname/> <home-page/> <email/> </author> <lang>ru</lang><translator> <first-name>Аркадий</first-name> <middle-name/> <last-name>Кабалкин</last-name> <nickname/> <home-page/> <email/> </translator> <book-title>Все на продажу</book-title> <annotation><p>Одна из «четырех блондинок» возвращается в джунгли нью-йоркского высшего света, и на сей раз она добьется настоящего успеха в мире «высокой моды»! Она чуть старовата для супермодели? Ну что ж… зато она — не глупенькая «вешалка» только-вчера-из-школы! Она чересчур опытна для идеальной «мужской мечты»? Тем хуже мужчинам, попавшимся ей на пути!</p>
</annotation> <keywords/> <date/> <coverpage> <image l:href="#cover.jpg"/> </coverpage> <lang>ru</lang> <src-lang>en</src-lang> </title-info> <document-info><author> <first-name/> <middle-name/> <last-name/> <nickname>OCR Альдебаран</nickname> <home-page/> <email>admin@aldebaran.ru</email> </author> <program-used>FB Tools</program-used> <date value="2004-10-13">2004-10-13</date> <src-url>http://www.litportal.ru/</src-url> <src-ocr>OCR Vera</src-ocr> <id>31718B83-2209-4163-8D68-2890B74B3AAE</id> <version>1.0</version> <history> <p/>
</history> </document-info> <publish-info> <book-name>Бушнелл К. Все на продажу</book-name> <publisher>АСТ</publisher> <city>Москва</city> <year>2004</year> <isbn>5-17-023122-9</isbn> </publish-info> <custom-info info-type="src-author-first-name">Candace</custom-info> <custom-info info-type="src-author-last-name">Bushnell</custom-info> <custom-info info-type="src-book-title">Trading Up</custom-info> </description>
</FictionBook>
