<?xml version="1.0" encoding="utf-8"?>
<FictionBook xmlns="http://www.gribuser.ru/xml/fictionbook/2.0" xmlns:l="http://www.w3.org/1999/xlink">
<description>
<title-info>
<genre>sf</genre>
<author>
<first-name>Александр</first-name>
<last-name>Чаянов</last-name>
</author>
<src-lang>ru</src-lang>
<book-title>Юлия, или Встречи под Новодевичьим</book-title>
<date value="1918-08">1918-08</date>
<lang>ru</lang>
</title-info>
<document-info>
<author>
<nickname>rusec</nickname>
<email>lib_at_rus.ec</email>
</author>
<program-used>LibRusEc kit</program-used>
<date value="2013-06-10">2013-06-10</date>
<id>Mon Jun 10 22:42:49 2013</id>
<version>1.0</version>
</document-info>
<document-info>
<author>
<nickname>TorfNN</nickname>
<email>torfnn@yandex.ru</email>
</author>
<program-used>UltrEdit ver. 10.20c</program-used>
<date value="2007-09-03">2007-09-03</date>
<version>1.1</version>
</document-info>
</description><body> ... WAS SKIPPED ... </body>
</FictionBook>
