﻿<?xml version="1.0" encoding="utf-8"?>
<FictionBook
  xmlns:l="http://www.w3.org/1999/xlink"
  xmlns="http://www.gribuser.ru/xml/fictionbook/2.0">
  <description>
    <title-info>
      <genre>det_irony</genre>
      <author>
        <first-name>Дарья</first-name>
        <last-name>Донцова</last-name>
        <id>caa25478-2a80-102a-9ae1-2dfe723fe7c7</id>
      </author>
      <book-title>Старуха Кристи – отдыхает!</book-title>
      <annotation>
        <p>Старуха Кристи – отдыхает! Жизнь иногда придумывает такие детективы, что даже самым крутым писателям слабо! На голову Татьяны Сергеевой в одночасье обрушился водопад несчастий. Внезапно умер муж, она осталась без работы, сгорела квартира, в кошелке лежат последние сто рублей. Казалось бы, хуже некуда! Что делать бедной закомплексованной толстушке? От отчаянья она нанимается помощником частного детектива к проворному старичку по имени Гри. Стоически перенеся несколько покушений на свою жизнь и здоровье, Татьяна понимает, что черная полоса закончилась, а старичок еще ого-го-го!!!</p>
      </annotation>
      <coverpage>
        <image l:href="#cover.jpg" />
      </coverpage>
      <lang>ru</lang>
      <sequence name="Татьяна Сергеева" number="1" />
    </title-info>
    <document-info>
      <author>
        <nickname>Miledi</nickname>
      </author>
      <program-used>doc2fb, FB Writer v1.1</program-used>
      <date value="2007-12-14">2007-12-14</date>
      <src-url>http://www.litres.ru/</src-url>
      <src-ocr>Текст предоставлен издательством</src-ocr>
      <id>17E98E3A-68F8-4831-B9EA-FD72ECE98588</id>
      <version>1.0</version>
    </document-info>
    <publish-info>
      <publisher>Эксмо</publisher>
      <year>2006</year>
      <isbn>5-699-18095-8, 978-5-699-20693-3</isbn>
    </publish-info>
    <custom-info info-type="fb2fix-status">Passed</custom-info>
  </description>
  <body> ... WAS SKIPPED ... </body>
</FictionBook>
