﻿<?xml version="1.0" encoding="utf-8"?>
<FictionBook xmlns:l="http://www.w3.org/1999/xlink" xmlns="http://www.gribuser.ru/xml/fictionbook/2.0">
  <description>
    <title-info>
      <genre>sf_fantasy</genre>
      <author>
        <first-name>Алексей</first-name>
        <middle-name>Яковлевич</middle-name>
        <last-name>Корепанов</last-name>
        <id>d04c04d7-2a81-102a-9ae1-2dfe723fe7c7</id>
      </author>
      <book-title>Без маски</book-title>
      <lang>ru</lang>
    </title-info>
    <document-info>
      <author>
        <nickname>Roland</nickname>
        <email>ronaton@gmail.com</email>
      </author>
      <program-used>FB Tools, FB Writer v1.1</program-used>
      <date value="2005-05-21">2005-05-21</date>
      <id>853FD8AF-AA86-40AC-A3AD-F81CF3E35272</id>
      <version>1.0</version>
      <publisher>
        <first-name>Литагент</first-name>
        <last-name>Г.Л. Олди</last-name>
        <id>8488af72-967f-102a-94d5-07de47c81719</id>
      </publisher>
    </document-info>
    <custom-info info-type="fb2fix-status">Passed</custom-info>
  </description><body> ... WAS SKIPPED ... </body>
</FictionBook>
