<?xml version="1.0" encoding="utf-8"?>
<FictionBook xmlns="http://www.gribuser.ru/xml/fictionbook/2.0" xmlns:l="http://www.w3.org/1999/xlink"><description> <title-info><genre match="">love_history</genre> <author> <first-name>Айрис</first-name> <middle-name/> <last-name>Джоансен</last-name> <nickname/> <home-page/> <email/> </author> <lang>ru</lang><translator> <first-name>Т.</first-name> <middle-name>Л.</middle-name> <last-name>Черезова</last-name> <nickname/> <home-page/> <email/> </translator> <book-title>Мой возлюбленный негодяй</book-title> <annotation><p>Захватывающая история похищения и обольщения переносит читателя то в великолепные замки Англии, то в охотничий домик — место тайных свиданий, то в царский дворец. Марианна Сэндерс, юная героиня романа, понимает, что не должна доверять жестокому и обольстительному незнакомцу, с которым судьба сводит ее в самый трагический момент ее жизни. Кто этот загадочный человек, что хочет он получить взамен за свое покровительство?</p>
</annotation> <keywords/> <date>1994</date> <coverpage> <image l:href="#cover.jpg"/> </coverpage> <lang>ru</lang> <src-lang>en</src-lang> </title-info> <document-info><author> <first-name>Black</first-name> <middle-name/> <last-name>Jack</last-name> <nickname/> <home-page/> <email/> </author> <program-used>FB Tools</program-used> <date value="2004-10-19">2004-10-19</date> <src-url>http://magicromance.narod.ru</src-url> <src-ocr>OCR Мария</src-ocr> <id>C177ECBA-70B6-4408-86C8-78363D1DEDE3</id> <version>1.0</version> <history> <p/>
</history> </document-info> <publish-info> <book-name>Айрис Джоансен. Мой возлюбленный негодяй</book-name> <publisher>ЭКСМО-Пресс</publisher> <city>М.</city> <year>1996</year> <isbn>5-85585-624-10</isbn> <sequence name="Наслаждение" number="00"/> </publish-info> <custom-info info-type="src-author-first-name">Iris</custom-info> <custom-info info-type="src-author-last-name">Johansen</custom-info> <custom-info info-type="src-book-title">The beloved scoundrel</custom-info> <custom-info info-type="src-year">1994</custom-info> </description>
</FictionBook>
