<FictionBook xmlns:l="http://www.w3.org/1999/xlink" xmlns="http://www.gribuser.ru/xml/fictionbook/2.0"><description> <title-info> <genre>prose_contemporary</genre> <author> <first-name>Даниил</first-name> <last-name>Гранин</last-name> </author> <book-title>Пленные</book-title> <date>1964</date> <lang>ru</lang> <src-lang>ru</src-lang> <sequence number="« name=»Рассказы"/> </title-info> <document-info> <author> <first-name>Vitmaier</first-name> <last-name/> </author> <program-used>FB Tools</program-used> <date value="2006-06-22">2006-06-22</date> <src-url>http://www.lib.ru</src-url> <src-ocr>HarryFan</src-ocr> <id>406E60D3-1659-45F0-8C01-B487CF49FC3C</id> <version>1.0</version> <history> <p>v 1.0 — создание fb2 Vitmaier</p>
</history> </document-info> <publish-info> <book-name>Авт.сб. «Наш комбат»</book-name> <publisher>Правда</publisher> <city>Москва</city> <year>1989</year> </publish-info> </description>
</FictionBook>
