<?xml version="1.0" encoding="utf-8"?>
<FictionBook xmlns:l="http://www.w3.org/1999/xlink" xmlns="http://www.gribuser.ru/xml/fictionbook/2.0"><description> <title-info><genre match="">love_detective</genre> <author> <first-name>Кей</first-name> <middle-name/> <last-name>Хупер</last-name> <nickname/> <home-page/> <email/> </author> <lang>ru</lang><translator> <first-name>В.</first-name> <middle-name/> <last-name>Гришечкин</last-name> <nickname/> <home-page/> <email/> </translator> <book-title>У мужчин свои секреты</book-title> <annotation><p>В жизни Рэчел Грант было много испытании. Накануне свадьбы погиб в авиакатастрофе ее жених Том. Но и теперь, спустя годы, Рэчел не может забыть его. И вот однажды она встречает мужчину, удивительно похожего на Тома. Этот человек делает все, чтобы завоевать доверие девушки, но Рэчел терзается сомнениями: что на самом деле нужно Эдаму — она сама или ее огромное состояние? К тому же с появлением Эдама вжизни Рэчел стали происходить необъяснимые события…</p>
</annotation> <keywords/> <date>1999</date> <coverpage> <image l:href="#cover.jpg"/> </coverpage> <lang>ru</lang> <src-lang>en</src-lang> </title-info> <document-info><author> <first-name/> <middle-name/> <last-name/> <nickname>OCR Альдебаран</nickname> <home-page/> <email/> </author> <program-used>FB Tools</program-used> <date value="2004-05-17">2004-05-17</date> <src-ocr>OCR svetico: http://svetico.narod.ru</src-ocr> <id>8E964438-C8AB-4EB6-94FD-2C7B7A035AFC</id> <version>1.0</version> <history> <p/>
</history> </document-info> <publish-info> <book-name>У мужчин свои секреты</book-name> <publisher>ЭКСМО-Пресс, Эксмо — Маркет</publisher> <city>Москва</city> <year>2000</year> <isbn>5-04-004315-5</isbn> <sequence number="0" name="Голос сердца"/> </publish-info> <custom-info info-type="src-author-first-name">Kay</custom-info> <custom-info info-type="src-author-last-name">Hooper</custom-info> <custom-info info-type="src-book-title">Haunting Rachel</custom-info> </description>
</FictionBook>
