<?xml version="1.0" encoding="windows-1251"?>
<FictionBook xmlns:l="http://www.w3.org/1999/xlink" xmlns="http://www.gribuser.ru/xml/fictionbook/2.0"><description> <title-info> <genre>humor_prose</genre> <author> <first-name>Илья</first-name> <last-name>Ильф</last-name> </author> <author> <first-name>Евгений</first-name> <last-name>Петров</last-name> </author> <book-title>Разносторонний человек</book-title> <date>1934</date> <lang>ru</lang> <src-lang>ru</src-lang> <sequence number="« name=»Рассказы"/> </title-info> <document-info> <author> <first-name>Vitmaier</first-name> <last-name/> </author> <program-used>FB Tools</program-used> <date value="2005-04-23">2005-04-23</date> <src-url>http://www.reading-room.narod.ru</src-url> <src-ocr>Читальный зал</src-ocr> <id>02BCA9A5-8CED-49CC-AB0F-E2E22F4603FB</id> <version>1.0</version> <history> <p>v 1.0 — создание fb2 Vitmaier</p>
</history> </document-info> <publish-info> <book-name>Илья Ильф и Евгений Петров. Собрание сочинений в 5 томах. Том 3</book-name> <publisher>Художественная литература</publisher> <city>Москва</city> <year>1961</year> </publish-info> </description>
</FictionBook>
