<?xml version="1.0" encoding="utf-8"?>
<FictionBook xmlns:l="http://www.w3.org/1999/xlink" xmlns="http://www.gribuser.ru/xml/fictionbook/2.0"><description> <title-info><genre match="">love_history</genre> <author> <first-name>Дженнифер</first-name> <middle-name/> <last-name>Блейк</last-name> <nickname/> <home-page/> <email/> </author> <lang>ru</lang><translator> <first-name>Н.</first-name> <middle-name>А.</middle-name> <last-name>Миронова</last-name> <nickname/> <home-page/> <email/> </translator> <book-title>Цыганский барон</book-title> <annotation><p>Мара Делакруа, капризная красотка из Луизианы, неожиданно столкнулась с жестокой действительностью, когда по приезде в Париж ее бабушка проиграла целое состояние коварному мошеннику. Чтобы спасти семью от разорения, Мара соглашается участвовать в планах этого негодяя. Для начала ей нужно соблазнить иностранного принца Родерика, разыграв из себя потерявшую память незнакомку. Но принц недаром слывет покорителем женских сердец. И вот уже коварная соблазнительница сама без памяти влюблена. Но что может принести ей любовь принца, кроме бесчестия и разбитого сердца? Впрочем, кто рискнет предсказывать судьбу двух влюбленных?!</p>
</annotation> <keywords/> <date>1985</date> <coverpage> </coverpage> <lang>ru</lang> <src-lang>en</src-lang> <sequence number="2" name="Обольщение по-королевски"/></title-info> <document-info><author> <first-name/> <middle-name/> <last-name/> <nickname>OCR Альдебаран</nickname> <home-page/> <email>admin@aldebaran.ru</email> </author> <program-used>FB Tools</program-used> <date value="2004-10-18">2004-10-18</date> <src-url>http://angelbooks.narod.ru/</src-url> <src-ocr>OCR Angelbooks</src-ocr> <id>23B3ACFF-EC95-4700-AC28-90229C842192</id> <version>1.0</version> <history> <p/>
</history> </document-info> <publish-info> <book-name>Цыганский барон</book-name> <publisher>Эксмо</publisher> <city>Москва</city> <year>2004</year> <isbn>5-699-05031-0</isbn> <sequence number="0" name="Кружево"/> </publish-info> <custom-info info-type="src-author-first-name">Jennifer</custom-info> <custom-info info-type="src-author-last-name">Blake</custom-info> <custom-info info-type="src-book-title">Royal passion</custom-info> </description>
</FictionBook>
