<?xml version="1.0" encoding="utf-8"?>
<FictionBook xmlns="http://www.gribuser.ru/xml/fictionbook/2.0" xmlns:l="http://www.w3.org/1999/xlink"><description> <title-info><genre match="">love_contemporary</genre> <author> <first-name>Сандра</first-name> <middle-name/> <last-name>Браун</last-name> <nickname/> <home-page/> <email/> </author> <lang>ru</lang><translator> <first-name>Ю.</first-name> <middle-name/> <last-name>Кирильченко</last-name> <nickname/> <home-page/> <email/> </translator> <translator> <first-name>А.</first-name> <middle-name/> <last-name>Новиков</last-name> <nickname/> <home-page/> <email/> </translator> <book-title>Цена любви</book-title> <annotation><p>Он ворвался в ее тихую, уютную жизнь подобно грозе, бушующей за стенами ее дома. Фотожурналист Ривз Грант впервые в жизни захвачен страстью, не подвластной никакому самоконтролю. Но каково же ему было узнать, что та, которую он уже считал своей навеки, скоро выйдет замуж за другого!</p>
</annotation> <keywords/> <date>1982</date> <coverpage> <image l:href="#cover.jpg"/> </coverpage> <lang>ru</lang> <src-lang>en</src-lang> </title-info> <document-info><author> <first-name/> <middle-name/> <last-name/> <nickname>OCR Альдебаран</nickname> <home-page/> <email>admin@aldebaran.ru</email> </author> <program-used>FB Tools</program-used> <date value="2004-10-20">2004-10-20</date> <src-url>http://angelbooks.narod.ru/</src-url> <src-ocr>OCR Angelbooks</src-ocr> <id>9883C65E-9D1C-449B-B4A7-11AEA8EA8458</id> <version>1.0</version> <history> <p/>
</history> </document-info> <publish-info> <book-name>От ненависти до любви. Поцелуй-искуситель</book-name> <publisher>ЭКСМО-Пресс</publisher> <city>Москва</city> <year>2000</year> <isbn>5-04-005675-3</isbn> <sequence name="Моя любовь" number="0"/> </publish-info> <custom-info info-type="src-author-first-name">Sandra</custom-info> <custom-info info-type="src-author-last-name">Brown</custom-info> <custom-info info-type="src-book-title">Not even for love</custom-info> </description>
</FictionBook>
