<?xml version="1.0" encoding="utf-8"?>
<FictionBook xmlns="http://www.gribuser.ru/xml/fictionbook/2.0" xmlns:l="http://www.w3.org/1999/xlink"><description> <title-info><genre match="">love_contemporary</genre> <author> <first-name>Сандра</first-name> <middle-name/> <last-name>Браун</last-name> <nickname/> <home-page/> <email/> </author> <lang>ru</lang><translator> <first-name>Наталья</first-name> <middle-name/> <last-name>Рейн</last-name> <nickname/> <home-page/> <email/> </translator> <book-title>Последнее интервью</book-title> <annotation><p>Интервью с отставным генералом, героем Америки, должно было бы стать сенсацией, и ради этого Энди Мэллоун готова на все. Но на пути ее профессиональных интересов стоит сын генерала, нелюдимый Лайон Рэдклиф. К счастью, генералу пришлась по душе красавица-репортер, к тому же ему очень хочется женить своего сына, и он приглашает Энди пожить у них на ранчо. Но ни Лайон, ни Энди, ни сам генерал не предполагали, что из этого может получиться…</p>
</annotation> <keywords/> <date>1983</date> <coverpage> <image l:href="#cover.jpg"/> </coverpage> <lang>ru</lang> <src-lang>en</src-lang> </title-info> <document-info><author> <first-name>Black</first-name> <middle-name/> <last-name>Jack</last-name> <nickname/> <home-page/> <email/> </author> <program-used>FB Tools</program-used> <date value="2004-11-17">2004-11-17</date> <src-ocr>OCR Angelbooks</src-ocr> <id>E60DCEFA-79F5-4E58-A4D0-4324F8E40063</id> <version>1.0</version> <history> <p/>
</history> </document-info> <publish-info> <book-name>Браун С. Последнее интервью</book-name> <publisher>ЭКСМО</publisher> <city>М.</city> <year>2004</year> <isbn>5-699-06549-0</isbn> <sequence number="0" name="Лабиринты страсти"/> </publish-info> <custom-info info-type="src-author-first-name">Sandra</custom-info> <custom-info info-type="src-author-last-name">Brown</custom-info> <custom-info info-type="src-book-title">Prime Time</custom-info> <custom-info info-type="src-year">1983</custom-info> </description>
</FictionBook>
